h,oneu,onei,twou,twoi,threeu,threei,trapu,trapil
0.1,0.265913314172338,0.21062236738266,0.0168648178661546,0.0191712274825185,0.00128552055581121,0.00104152481691944,0.00400721386808756,0.00513996290176731
0.05,0.144567502494059,0.112491970782667,0.00426565391151773,0.00506696361313309,0.000150060569625299,0.000113147647522127,0.00100264138355796,0.00130085016272646
0.025,0.0754256562430241,0.058173190784125,0.0010701544263349,0.00129394151685596,1.46043692201836e-05,9.67385915362495e-06,0.000250718079923634,0.000326780890199649
