h,oneu,oneuu,onei,twou,twouu,twoi,threeu,threeuu,threei,trapu,trapuu,trapil
1,9.86076131526265e-32,0.395352015106459,0.395352015106459,2.28847549044393e-17,0.427687914500869,0.427687914500869,4.40687737790382e-17,0.568121096018631,0.568121096018631,2.95822839457879e-31,0.395352015106459,0.395352015106459
0.1,3.5527136788005e-15,0.046203698597523,0.046203698597523,3.44169137633799e-15,0.00956747671404939,0.00956747671404945,3.38618022510673e-15,0.0030570396454052,0.00305703964540505,4.55191440096314e-15,0.00334386129602532,0.00334386129602574
0.01,3.52495810318487e-15,0.00473225268661262,0.00473225268661259,3.56659146660832e-15,0.000108992003313575,0.000108992003313574,3.56659146660832e-15,2.81919075803798e-05,2.81919075803758e-05,5.4678483962789e-15,3.34782012663681e-05,3.34782012674784e-05
