h,oneu,onei,twou,twoi,threeu,threei,trapu,trapil
0.1,5.77315972805081e-15,0.489434837048471,5.77315972805081e-15,0.102337779007954,5.77315972805081e-15,0.0252990648976317,7.21644966006352e-15,0.0521923058018285
0.05,6.32827124036339e-15,0.246233188097262,6.32827124036339e-15,0.0257748659546748,6.38378239159465e-15,0.00642580933627945,7.32747196252603e-15,0.0129512388032174
0.025,6.93889390390723e-15,0.123306650674894,6.9111383282916e-15,0.00645565722151487,6.93889390390723e-15,0.00161279399809722,1.0019762797242e-14,0.00323181416859741
