h,oneu,oneuu,onei,twou,twoi,twoignore,threeu,threei,threeignore
0.1,0.93499573746782,0.396065306400535,1.00400347150101,1.98893361106668,1.97577516378753,0,0.934995737467821,12.5147572032189,0
0.05,0.958308786123614,0.40555300286736,1.0194882052245,1.99567482099246,1.98487220054859,0,0.958308786123613,6.33090794432323,0
0.025,0.977020827940992,0.413172961908061,1.02377842951172,1.99527434599905,1.99509112030752,0,0.977020827940993,6.3927481925628,0
