h,oneu,oneuu,onei,twou,twouu,twoi,threeu,threeuu,threei,trapu,trapuu,trapil
0.1,5.77315972805081e-15,0.046203698597523,0.046203698597523,5.77315972805081e-15,0.00956747671404939,0.00956747671404945,5.6621374255883e-15,0.0030570396454052,0.00305703964540505,7.32747196252603e-15,0.00334386129602532,0.00334386129602574
0.05,6.32827124036339e-15,0.023393750592805,0.0233937505928051,6.32827124036339e-15,0.00245400142034985,0.00245400142034988,6.32827124036339e-15,0.000608282007559758,0.000608282007559746,7.16093850883226e-15,0.000836709307003247,0.000836709307003414
0.025,6.9111383282916e-15,0.0117769201397344,0.0117769201397345,6.96664947952286e-15,0.000626366649779816,0.000626366649779803,6.88338275267597e-15,0.000167244755518501,0.000167244755518492,9.96425164601078e-15,0.000209223358501598,0.00020922335850096
