h,oneu,oneuu,onei,twou,twoi,twoignore,threeu,threei,threeignore
0.1,0.625737860160943,0.104136879489164,0.615416668113357,0.00658902070328116,0.00788472510121019,0,0.625737860160921,1251.47572032146,0
0.05,0.313836382911402,0.051809471475606,0.308097209145198,0.00164851350738304,0.00197351060357651,0,0.313836382911642,2510.69106329272,0
0.025,0.15703926303628,0.0257756087653308,0.154686656534133,0.000412298443023651,0.00049357035791979,0,0.15703926303627,5025.25641715737,0
