h,oneu,onei,twou,twoi,threeu,threei,trapu,trapil
0.1,0.714530456749056,0.690486481765956,0.0776260603592651,0.0805963004474437,0.00539545475656622,0.00518008237217515,0.0196290759987105,0.0208654973632768
0.05,0.465888993746318,0.444776351011672,0.0196416727240612,0.0206578124077915,0.000593844828681078,0.00055789929545047,0.00491170510398593,0.00522393408663108
0.025,0.269486479187519,0.255106642921023,0.00492354616534378,0.00521562938052019,5.7726501679789e-05,4.73980241864069e-05,0.00122819002849552,0.00130842487693553
