h,oneu,onei,twou,twoi,threeu,threei,trapu,trapil
1,9.86076131526265e-32,3.14159265358979,2.55650567019522e-17,3.1415926535898,2.28847549044393e-17,3.1415926535898,1.97215226305253e-31,3.1415926535898
0.1,3.44169137633799e-15,0.489434837048466,3.38618022510673e-15,0.102337779007925,3.44169137633799e-15,0.0252990648976317,4.38538094726937e-15,3.19378495939162
0.01,3.56659146660832e-15,0.0493439634268336,3.5527136788005e-15,0.0010334405531589,3.53883589099269e-15,0.000258331450431193,9.71445146547012e-15,3.14210947665507
