h,oneu,oneueoc,oneuu,oneuueoc,onei,oneieoc,twou,twoueoc,twouu,twouueoc,twoi,twoieoc,threeu,threeueoc,threeuu,threeuueoc,threei,threeieoc,trapu,trapueoc,trapuu,trapuueoc,trapil,trapileoc
0.1,5.77315972805081e-15,0,0.046203698597523,0,0.046203698597523,0,5.77315972805081e-15,0,0.00956747671404939,0,0.00956747671404945,0,5.6621374255883e-15,0,0.0030570396454052,0,0.00305703964540505,0,7.32747196252603e-15,0,0.00334386129602532,0,0.00334386129602574,0
0.05,6.32827124036339e-15,-0.13245029602365,0.023393750592805,0.98188516405143,0.0233937505928051,0.981885164051425,6.32827124036339e-15,-0.13245029602365,0.00245400142034985,1.96300240055493,0.00245400142034988,1.96300240055492,6.32827124036339e-15,-0.160464672193246,0.000608282007559758,2.32932302570612,0.000608282007559746,2.32932302570608,7.16093850883226e-15,0.0331668639351994,0.000836709307003247,1.99871661752855,0.000836709307003414,1.99871661752844
0.025,6.9111383282916e-15,-0.127111917903339,0.0117769201397344,0.990160879910746,0.0117769201397345,0.990160879910741,6.96664947952286e-15,-0.13865353978603,0.000626366649779816,1.97005677898054,0.000626366649779803,1.97005677898059,6.88338275267597e-15,-0.121306296222134,0.000167244755518501,1.86277935983762,0.000167244755518492,1.86277935983767,9.96425164601078e-15,-0.476612778399797,0.000209223358501598,1.99968255415829,0.00020922335850096,1.99968255416298
